"",,,,,,,,,,,,,,
"Rol de Procedimentos e Eventos em Saúde(RN 465/2021, vigente a partir de 01/04/2021, e suas alterações)CONSULTAS, VISITAS HOSPITALARES OUACONSELHAMENTO GENÉTICOAMBHCOHSOREFPROCEDIMENTOS GERAISPROCEDIMENTOS GERAISACOMPANHAMENTO DE PACIENTESCONSULTAS, VISITAS HOSPITALARES OUATENDIMENTO/ACOMPANHAMENTO EM HOSPITAL-DIA PSIQUIÁTRICO (COM DIRETRIZ DE UTILIZAÇÃO)HCOHSOREF109PROCEDIMENTOS GERAISPROCEDIMENTOS GERAISACOMPANHAMENTO DE PACIENTESCONSULTAS, VISITAS HOSPITALARES OUATENDIMENTO INTEGRAL AO RECÉM-NASCIDO (SALA DE PARTO, BERÇÁRIO E UTI)HCOREFPROCEDIMENTOS GERAISPROCEDIMENTOS GERAISACOMPANHAMENTO DE PACIENTESCONSULTAS, VISITAS HOSPITALARES OUATENDIMENTO MÉDICO DO INTENSIVISTA EM UTI GERAL OU PEDIÁTRICAHCOHSOREFPROCEDIMENTOS GERAISPROCEDIMENTOS GERAISACOMPANHAMENTO DE PACIENTESCONSULTAS, VISITAS HOSPITALARES OUATENDIMENTO PEDIÁTRICO A GESTANTES (3o TRIMESTRE)AMBHCOREFPROCEDIMENTOS GERAISPROCEDIMENTOS GERAISACOMPANHAMENTO DE PACIENTESCONSULTAS, VISITAS HOSPITALARES OUATIVIDADE EDUCACIONAL PARA PLANEJAMENTO FAMILIARAMBREFPROCEDIMENTOS GERAISPROCEDIMENTOS GERAISACOMPANHAMENTO DE PACIENTESCONSULTAS, VISITAS HOSPITALARES OUATIVIDADE EDUCATIVA EM SAÚDE BUCALODPROCEDIMENTOS GERAISPROCEDIMENTOS GERAISACOMPANHAMENTO DE PACIENTESATIVIDADE EDUCATIVA EM ODONTOLOGIA PARA PAIS E/OU CUIDADORES DE PACIENTES COM NECESSIDADESCONSULTAS, VISITAS HOSPITALARES OUODPROCEDIMENTOS GERAISPROCEDIMENTOS GERAISESPECIAISACOMPANHAMENTO DE PACIENTESCONSULTAS, VISITAS HOSPITALARES OUCONDICIONAMENTO EM ODONTOLOGIA (COM DIRETRIZ DE UTILIZAÇÃO)OD86PROCEDIMENTOS GERAISPROCEDIMENTOS GERAISACOMPANHAMENTO DE PACIENTESCONSULTAS, VISITAS HOSPITALARES OUESTABILIZAÇÃO DE PACIENTE POR MEIO DE CONTENÇÃO FÍSICA E/OU MECÂNICAODPROCEDIMENTOS GERAISPROCEDIMENTOS GERAISACOMPANHAMENTO DE PACIENTESCONSULTAS, VISITAS HOSPITALARES OUCONSULTA DE ACONSELHAMENTO PARA PLANEJAMENTO FAMILIARAMBREFPROCEDIMENTOS GERAISPROCEDIMENTOS GERAISACOMPANHAMENTO DE PACIENTESCONSULTAS, VISITAS HOSPITALARES OUCONSULTA COM ENFERMEIRO OBSTETRA OU OBSTETRIZ (COM DIRETRIZ DE UTILIZAÇÃO)AMBHCOREF135PROCEDIMENTOS GERAISPROCEDIMENTOS GERAISACOMPANHAMENTO DE PACIENTESCONSULTAS, VISITAS HOSPITALARES OUCONSULTA/AVALIAÇÃO COM FISIOTERAPEUTA541/202201/08/2022AMBREFPROCEDIMENTOS GERAISPROCEDIMENTOS GERAISACOMPANHAMENTO DE PACIENTESCONSULTAS, VISITAS HOSPITALARES OUCONSULTA MÉDICAAMBREFPROCEDIMENTOS GERAISPROCEDIMENTOS GERAISACOMPANHAMENTO DE PACIENTESCONSULTAS, VISITAS HOSPITALARES OUCONSULTA ODONTOLÓGICAODPROCEDIMENTOS GERAISPROCEDIMENTOS GERAISACOMPANHAMENTO DE PACIENTESCONSULTAS, VISITAS HOSPITALARES OUCONSULTA ODONTOLÓGICA INICIALODPROCEDIMENTOS GERAISPROCEDIMENTOS GERAISACOMPANHAMENTO DE PACIENTESCONSULTAS, VISITAS HOSPITALARES OUCONSULTA ODONTOLÓGICA DE URGÊNCIAODPROCEDIMENTOS GERAISPROCEDIMENTOS GERAISACOMPANHAMENTO DE PACIENTESCONSULTAS, VISITAS HOSPITALARES OUCONSULTA ODONTOLÓGICA PARA AVALIAÇÃO TÉCNICA DE AUDITORIAODPROCEDIMENTOS GERAISPROCEDIMENTOS GERAISACOMPANHAMENTO DE PACIENTESCONSULTAS, VISITAS HOSPITALARES OUCONSULTA/AVALIAÇÃO COM PSICÓLOGO541/202201/08/2022AMBREFPROCEDIMENTOS GERAISPROCEDIMENTOS GERAISACOMPANHAMENTO DE PACIENTESLegenda:HCO: Seg. Hospitalar Com ObstetríciaPAC: Procedimento de Alta ComplexidadeOD: Seg. OdontológicaHSO: Seg. Hospitalar Sem ObstetríciaDUT: Diretriz de UtilizaçãoAMB: Seg. AmbulatorialREF: Plano Referência1",,,,,,,,,,,,,,
"",,,,,,,,,,,,,,
"",,,,,,,,,,,,,,
"",,,,,,,,,,,,,,
"",,,,,,,,,,,,,,
ACONSELHAMENTO GENÉTICO,,,,AMB,HCO,HSO,REF,,,"CONSULTAS, VISITAS HOSPITALARES OUACOMPANHAMENTO DE PACIENTES",PROCEDIMENTOS GERAIS,PROCEDIMENTOS GERAIS,,
ATENDIMENTO/ACOMPANHAMENTO EM HOSPITAL-DIA PSIQUIÁTRICO (COM DIRETRIZ DE UTILIZAÇÃO),,,,,HCO,HSO,REF,,109,"CONSULTAS, VISITAS HOSPITALARES OUACOMPANHAMENTO DE PACIENTES",PROCEDIMENTOS GERAIS,PROCEDIMENTOS GERAIS,,
"ATENDIMENTO INTEGRAL AO RECÉM-NASCIDO (SALA DE PARTO, BERÇÁRIO E UTI)",,,,,HCO,,REF,,,"CONSULTAS, VISITAS HOSPITALARES OUACOMPANHAMENTO DE PACIENTES",PROCEDIMENTOS GERAIS,PROCEDIMENTOS GERAIS,,
ATENDIMENTO MÉDICO DO INTENSIVISTA EM UTI GERAL OU PEDIÁTRICA,,,,,HCO,HSO,REF,,,"CONSULTAS, VISITAS HOSPITALARES OUACOMPANHAMENTO DE PACIENTES",PROCEDIMENTOS GERAIS,PROCEDIMENTOS GERAIS,,
ATENDIMENTO PEDIÁTRICO A GESTANTES (3o TRIMESTRE),,,,AMB,HCO,,REF,,,"CONSULTAS, VISITAS HOSPITALARES OUACOMPANHAMENTO DE PACIENTES",PROCEDIMENTOS GERAIS,PROCEDIMENTOS GERAIS,,
ATIVIDADE EDUCACIONAL PARA PLANEJAMENTO FAMILIAR,,,,AMB,,,REF,,,"CONSULTAS, VISITAS HOSPITALARES OUACOMPANHAMENTO DE PACIENTES",PROCEDIMENTOS GERAIS,PROCEDIMENTOS GERAIS,,
ATIVIDADE EDUCATIVA EM SAÚDE BUCAL,,,OD,,,,,,,"CONSULTAS, VISITAS HOSPITALARES OUACOMPANHAMENTO DE PACIENTES",PROCEDIMENTOS GERAIS,PROCEDIMENTOS GERAIS,,
"ATIVIDADE EDUCATIVA EM ODONTOLOGIA PARA PAIS E/OU CUIDADORES DE PACIENTES COM NECESSIDADESESPECIAIS",,,OD,,,,,,,"CONSULTAS, VISITAS HOSPITALARES OUACOMPANHAMENTO DE PACIENTES",PROCEDIMENTOS GERAIS,PROCEDIMENTOS GERAIS,,
CONDICIONAMENTO EM ODONTOLOGIA (COM DIRETRIZ DE UTILIZAÇÃO),,,OD,,,,,,86,"CONSULTAS, VISITAS HOSPITALARES OUACOMPANHAMENTO DE PACIENTES",PROCEDIMENTOS GERAIS,PROCEDIMENTOS GERAIS,,
ESTABILIZAÇÃO DE PACIENTE POR MEIO DE CONTENÇÃO FÍSICA E/OU MECÂNICA,,,OD,,,,,,,"CONSULTAS, VISITAS HOSPITALARES OUACOMPANHAMENTO DE PACIENTES",PROCEDIMENTOS GERAIS,PROCEDIMENTOS GERAIS,,
CONSULTA DE ACONSELHAMENTO PARA PLANEJAMENTO FAMILIAR,,,,AMB,,,REF,,,"CONSULTAS, VISITAS HOSPITALARES OUACOMPANHAMENTO DE PACIENTES",PROCEDIMENTOS GERAIS,PROCEDIMENTOS GERAIS,,
CONSULTA COM ENFERMEIRO OBSTETRA OU OBSTETRIZ (COM DIRETRIZ DE UTILIZAÇÃO),,,,AMB,HCO,,REF,,135,"CONSULTAS, VISITAS HOSPITALARES OUACOMPANHAMENTO DE PACIENTES",PROCEDIMENTOS GERAIS,PROCEDIMENTOS GERAIS,,
CONSULTA/AVALIAÇÃO COM FISIOTERAPEUTA,541/2022,01/08/2022,,AMB,,,REF,,,"CONSULTAS, VISITAS HOSPITALARES OUACOMPANHAMENTO DE PACIENTES",PROCEDIMENTOS GERAIS,PROCEDIMENTOS GERAIS,,
CONSULTA MÉDICA,,,,AMB,,,REF,,,"CONSULTAS, VISITAS HOSPITALARES OUACOMPANHAMENTO DE PACIENTES",PROCEDIMENTOS GERAIS,PROCEDIMENTOS GERAIS,,
CONSULTA ODONTOLÓGICA,,,OD,,,,,,,"CONSULTAS, VISITAS HOSPITALARES OUACOMPANHAMENTO DE PACIENTES",PROCEDIMENTOS GERAIS,PROCEDIMENTOS GERAIS,,
CONSULTA ODONTOLÓGICA INICIAL,,,OD,,,,,,,"CONSULTAS, VISITAS HOSPITALARES OUACOMPANHAMENTO DE PACIENTES",PROCEDIMENTOS GERAIS,PROCEDIMENTOS GERAIS,,
CONSULTA ODONTOLÓGICA DE URGÊNCIA,,,OD,,,,,,,"CONSULTAS, VISITAS HOSPITALARES OUACOMPANHAMENTO DE PACIENTES",PROCEDIMENTOS GERAIS,PROCEDIMENTOS GERAIS,,
CONSULTA ODONTOLÓGICA PARA AVALIAÇÃO TÉCNICA DE AUDITORIA,,,OD,,,,,,,"CONSULTAS, VISITAS HOSPITALARES OUACOMPANHAMENTO DE PACIENTES",PROCEDIMENTOS GERAIS,PROCEDIMENTOS GERAIS,,
CONSULTA/AVALIAÇÃO COM PSICÓLOGO,541/2022,01/08/2022,,AMB,,,REF,,,"CONSULTAS, VISITAS HOSPITALARES OUACOMPANHAMENTO DE PACIENTES",PROCEDIMENTOS GERAIS,PROCEDIMENTOS GERAIS,,
"",,,,,,,,,,,,,,
"Rol de Procedimentos e Eventos em Saúde(RN 465/2021, vigente a partir de 01/04/2021, e suas alterações)CONSULTAS, VISITAS HOSPITALARES OUACONSELHAMENTO GENÉTICOAMBHCOHSOREFPROCEDIMENTOS GERAISPROCEDIMENTOS GERAISACOMPANHAMENTO DE PACIENTESCONSULTAS, VISITAS HOSPITALARES OUATENDIMENTO/ACOMPANHAMENTO EM HOSPITAL-DIA PSIQUIÁTRICO (COM DIRETRIZ DE UTILIZAÇÃO)HCOHSOREF109PROCEDIMENTOS GERAISPROCEDIMENTOS GERAISACOMPANHAMENTO DE PACIENTESCONSULTAS, VISITAS HOSPITALARES OUATENDIMENTO INTEGRAL AO RECÉM-NASCIDO (SALA DE PARTO, BERÇÁRIO E UTI)HCOREFPROCEDIMENTOS GERAISPROCEDIMENTOS GERAISACOMPANHAMENTO DE PACIENTESCONSULTAS, VISITAS HOSPITALARES OUATENDIMENTO MÉDICO DO INTENSIVISTA EM UTI GERAL OU PEDIÁTRICAHCOHSOREFPROCEDIMENTOS GERAISPROCEDIMENTOS GERAISACOMPANHAMENTO DE PACIENTESCONSULTAS, VISITAS HOSPITALARES OUATENDIMENTO PEDIÁTRICO A GESTANTES (3o TRIMESTRE)AMBHCOREFPROCEDIMENTOS GERAISPROCEDIMENTOS GERAISACOMPANHAMENTO DE PACIENTESCONSULTAS, VISITAS HOSPITALARES OUATIVIDADE EDUCACIONAL PARA PLANEJAMENTO FAMILIARAMBREFPROCEDIMENTOS GERAISPROCEDIMENTOS GERAISACOMPANHAMENTO DE PACIENTESCONSULTAS, VISITAS HOSPITALARES OUATIVIDADE EDUCATIVA EM SAÚDE BUCALODPROCEDIMENTOS GERAISPROCEDIMENTOS GERAISACOMPANHAMENTO DE PACIENTESATIVIDADE EDUCATIVA EM ODONTOLOGIA PARA PAIS E/OU CUIDADORES DE PACIENTES COM NECESSIDADESCONSULTAS, VISITAS HOSPITALARES OUODPROCEDIMENTOS GERAISPROCEDIMENTOS GERAISESPECIAISACOMPANHAMENTO DE PACIENTESCONSULTAS, VISITAS HOSPITALARES OUCONDICIONAMENTO EM ODONTOLOGIA (COM DIRETRIZ DE UTILIZAÇÃO)OD86PROCEDIMENTOS GERAISPROCEDIMENTOS GERAISACOMPANHAMENTO DE PACIENTESCONSULTAS, VISITAS HOSPITALARES OUESTABILIZAÇÃO DE PACIENTE POR MEIO DE CONTENÇÃO FÍSICA E/OU MECÂNICAODPROCEDIMENTOS GERAISPROCEDIMENTOS GERAISACOMPANHAMENTO DE PACIENTESCONSULTAS, VISITAS HOSPITALARES OUCONSULTA DE ACONSELHAMENTO PARA PLANEJAMENTO FAMILIARAMBREFPROCEDIMENTOS GERAISPROCEDIMENTOS GERAISACOMPANHAMENTO DE PACIENTESCONSULTAS, VISITAS HOSPITALARES OUCONSULTA COM ENFERMEIRO OBSTETRA OU OBSTETRIZ (COM DIRETRIZ DE UTILIZAÇÃO)AMBHCOREF135PROCEDIMENTOS GERAISPROCEDIMENTOS GERAISACOMPANHAMENTO DE PACIENTESCONSULTAS, VISITAS HOSPITALARES OUCONSULTA/AVALIAÇÃO COM FISIOTERAPEUTA541/202201/08/2022AMBREFPROCEDIMENTOS GERAISPROCEDIMENTOS GERAISACOMPANHAMENTO DE PACIENTESCONSULTAS, VISITAS HOSPITALARES OUCONSULTA MÉDICAAMBREFPROCEDIMENTOS GERAISPROCEDIMENTOS GERAISACOMPANHAMENTO DE PACIENTESCONSULTAS, VISITAS HOSPITALARES OUCONSULTA ODONTOLÓGICAODPROCEDIMENTOS GERAISPROCEDIMENTOS GERAISACOMPANHAMENTO DE PACIENTESCONSULTAS, VISITAS HOSPITALARES OUCONSULTA ODONTOLÓGICA INICIALODPROCEDIMENTOS GERAISPROCEDIMENTOS GERAISACOMPANHAMENTO DE PACIENTESCONSULTAS, VISITAS HOSPITALARES OUCONSULTA ODONTOLÓGICA DE URGÊNCIAODPROCEDIMENTOS GERAISPROCEDIMENTOS GERAISACOMPANHAMENTO DE PACIENTESCONSULTAS, VISITAS HOSPITALARES OUCONSULTA ODONTOLÓGICA PARA AVALIAÇÃO TÉCNICA DE AUDITORIAODPROCEDIMENTOS GERAISPROCEDIMENTOS GERAISACOMPANHAMENTO DE PACIENTESCONSULTAS, VISITAS HOSPITALARES OUCONSULTA/AVALIAÇÃO COM PSICÓLOGO541/202201/08/2022AMBREFPROCEDIMENTOS GERAISPROCEDIMENTOS GERAISACOMPANHAMENTO DE PACIENTESLegenda:HCO: Seg. Hospitalar Com ObstetríciaPAC: Procedimento de Alta ComplexidadeOD: Seg. OdontológicaHSO: Seg. Hospitalar Sem ObstetríciaDUT: Diretriz de UtilizaçãoAMB: Seg. AmbulatorialREF: Plano Referência1",
"",
"",
"Rol de Procedimentos e Eventos em Saúde(RN 465/2021, vigente a partir de 01/04/2021, e suas alterações)CONSULTAS, VISITAS HOSPITALARES OUACONSELHAMENTO GENÉTICOAMBHCOHSOREFPROCEDIMENTOS GERAISPROCEDIMENTOS GERAISACOMPANHAMENTO DE PACIENTESCONSULTAS, VISITAS HOSPITALARES OUATENDIMENTO/ACOMPANHAMENTO EM HOSPITAL-DIA PSIQUIÁTRICO (COM DIRETRIZ DE UTILIZAÇÃO)HCOHSOREF109PROCEDIMENTOS GERAISPROCEDIMENTOS GERAISACOMPANHAMENTO DE PACIENTESCONSULTAS, VISITAS HOSPITALARES OUATENDIMENTO INTEGRAL AO RECÉM-NASCIDO (SALA DE PARTO, BERÇÁRIO E UTI)HCOREFPROCEDIMENTOS GERAISPROCEDIMENTOS GERAISACOMPANHAMENTO DE PACIENTESCONSULTAS, VISITAS HOSPITALARES OUATENDIMENTO MÉDICO DO INTENSIVISTA EM UTI GERAL OU PEDIÁTRICAHCOHSOREFPROCEDIMENTOS GERAISPROCEDIMENTOS GERAISACOMPANHAMENTO DE PACIENTESCONSULTAS, VISITAS HOSPITALARES OUATENDIMENTO PEDIÁTRICO A GESTANTES (3o TRIMESTRE)AMBHCOREFPROCEDIMENTOS GERAISPROCEDIMENTOS GERAISACOMPANHAMENTO DE PACIENTESCONSULTAS, VISITAS HOSPITALARES OUATIVIDADE EDUCACIONAL PARA PLANEJAMENTO FAMILIARAMBREFPROCEDIMENTOS GERAISPROCEDIMENTOS GERAISACOMPANHAMENTO DE PACIENTESCONSULTAS, VISITAS HOSPITALARES OUATIVIDADE EDUCATIVA EM SAÚDE BUCALODPROCEDIMENTOS GERAISPROCEDIMENTOS GERAISACOMPANHAMENTO DE PACIENTESATIVIDADE EDUCATIVA EM ODONTOLOGIA PARA PAIS E/OU CUIDADORES DE PACIENTES COM NECESSIDADESCONSULTAS, VISITAS HOSPITALARES OUODPROCEDIMENTOS GERAISPROCEDIMENTOS GERAISESPECIAISACOMPANHAMENTO DE PACIENTESCONSULTAS, VISITAS HOSPITALARES OUCONDICIONAMENTO EM ODONTOLOGIA (COM DIRETRIZ DE UTILIZAÇÃO)OD86PROCEDIMENTOS GERAISPROCEDIMENTOS GERAISACOMPANHAMENTO DE PACIENTESCONSULTAS, VISITAS HOSPITALARES OUESTABILIZAÇÃO DE PACIENTE POR MEIO DE CONTENÇÃO FÍSICA E/OU MECÂNICAODPROCEDIMENTOS GERAISPROCEDIMENTOS GERAISACOMPANHAMENTO DE PACIENTESCONSULTAS, VISITAS HOSPITALARES OUCONSULTA DE ACONSELHAMENTO PARA PLANEJAMENTO FAMILIARAMBREFPROCEDIMENTOS GERAISPROCEDIMENTOS GERAISACOMPANHAMENTO DE PACIENTESCONSULTAS, VISITAS HOSPITALARES OUCONSULTA COM ENFERMEIRO OBSTETRA OU OBSTETRIZ (COM DIRETRIZ DE UTILIZAÇÃO)AMBHCOREF135PROCEDIMENTOS GERAISPROCEDIMENTOS GERAISACOMPANHAMENTO DE PACIENTESCONSULTAS, VISITAS HOSPITALARES OUCONSULTA/AVALIAÇÃO COM FISIOTERAPEUTA541/202201/08/2022AMBREFPROCEDIMENTOS GERAISPROCEDIMENTOS GERAISACOMPANHAMENTO DE PACIENTESCONSULTAS, VISITAS HOSPITALARES OUCONSULTA MÉDICAAMBREFPROCEDIMENTOS GERAISPROCEDIMENTOS GERAISACOMPANHAMENTO DE PACIENTESCONSULTAS, VISITAS HOSPITALARES OUCONSULTA ODONTOLÓGICAODPROCEDIMENTOS GERAISPROCEDIMENTOS GERAISACOMPANHAMENTO DE PACIENTESCONSULTAS, VISITAS HOSPITALARES OUCONSULTA ODONTOLÓGICA INICIALODPROCEDIMENTOS GERAISPROCEDIMENTOS GERAISACOMPANHAMENTO DE PACIENTESCONSULTAS, VISITAS HOSPITALARES OUCONSULTA ODONTOLÓGICA DE URGÊNCIAODPROCEDIMENTOS GERAISPROCEDIMENTOS GERAISACOMPANHAMENTO DE PACIENTESCONSULTAS, VISITAS HOSPITALARES OUCONSULTA ODONTOLÓGICA PARA AVALIAÇÃO TÉCNICA DE AUDITORIAODPROCEDIMENTOS GERAISPROCEDIMENTOS GERAISACOMPANHAMENTO DE PACIENTESCONSULTAS, VISITAS HOSPITALARES OUCONSULTA/AVALIAÇÃO COM PSICÓLOGO541/202201/08/2022AMBREFPROCEDIMENTOS GERAISPROCEDIMENTOS GERAISACOMPANHAMENTO DE PACIENTESLegenda:HCO: Seg. Hospitalar Com ObstetríciaPAC: Procedimento de Alta ComplexidadeOD: Seg. OdontológicaHSO: Seg. Hospitalar Sem ObstetríciaDUT: Diretriz de UtilizaçãoAMB: Seg. AmbulatorialREF: Plano Referência1"
""
""
"Rol de Procedimentos e Eventos em Saúde(RN 465/2021, vigente a partir de 01/04/2021, e suas alterações)CONSULTAS, VISITAS HOSPITALARES OUACONSELHAMENTO GENÉTICOAMBHCOHSOREFPROCEDIMENTOS GERAISPROCEDIMENTOS GERAISACOMPANHAMENTO DE PACIENTESCONSULTAS, VISITAS HOSPITALARES OUATENDIMENTO/ACOMPANHAMENTO EM HOSPITAL-DIA PSIQUIÁTRICO (COM DIRETRIZ DE UTILIZAÇÃO)HCOHSOREF109PROCEDIMENTOS GERAISPROCEDIMENTOS GERAISACOMPANHAMENTO DE PACIENTESCONSULTAS, VISITAS HOSPITALARES OUATENDIMENTO INTEGRAL AO RECÉM-NASCIDO (SALA DE PARTO, BERÇÁRIO E UTI)HCOREFPROCEDIMENTOS GERAISPROCEDIMENTOS GERAISACOMPANHAMENTO DE PACIENTESCONSULTAS, VISITAS HOSPITALARES OUATENDIMENTO MÉDICO DO INTENSIVISTA EM UTI GERAL OU PEDIÁTRICAHCOHSOREFPROCEDIMENTOS GERAISPROCEDIMENTOS GERAISACOMPANHAMENTO DE PACIENTESCONSULTAS, VISITAS HOSPITALARES OUATENDIMENTO PEDIÁTRICO A GESTANTES (3o TRIMESTRE)AMBHCOREFPROCEDIMENTOS GERAISPROCEDIMENTOS GERAISACOMPANHAMENTO DE PACIENTESCONSULTAS, VISITAS HOSPITALARES OUATIVIDADE EDUCACIONAL PARA PLANEJAMENTO FAMILIARAMBREFPROCEDIMENTOS GERAISPROCEDIMENTOS GERAISACOMPANHAMENTO DE PACIENTESCONSULTAS, VISITAS HOSPITALARES OUATIVIDADE EDUCATIVA EM SAÚDE BUCALODPROCEDIMENTOS GERAISPROCEDIMENTOS GERAISACOMPANHAMENTO DE PACIENTESATIVIDADE EDUCATIVA EM ODONTOLOGIA PARA PAIS E/OU CUIDADORES DE PACIENTES COM NECESSIDADESCONSULTAS, VISITAS HOSPITALARES OUODPROCEDIMENTOS GERAISPROCEDIMENTOS GERAISESPECIAISACOMPANHAMENTO DE PACIENTESCONSULTAS, VISITAS HOSPITALARES OUCONDICIONAMENTO EM ODONTOLOGIA (COM DIRETRIZ DE UTILIZAÇÃO)OD86PROCEDIMENTOS GERAISPROCEDIMENTOS GERAISACOMPANHAMENTO DE PACIENTESCONSULTAS, VISITAS HOSPITALARES OUESTABILIZAÇÃO DE PACIENTE POR MEIO DE CONTENÇÃO FÍSICA E/OU MECÂNICAODPROCEDIMENTOS GERAISPROCEDIMENTOS GERAISACOMPANHAMENTO DE PACIENTESCONSULTAS, VISITAS HOSPITALARES OUCONSULTA DE ACONSELHAMENTO PARA PLANEJAMENTO FAMILIARAMBREFPROCEDIMENTOS GERAISPROCEDIMENTOS GERAISACOMPANHAMENTO DE PACIENTESCONSULTAS, VISITAS HOSPITALARES OUCONSULTA COM ENFERMEIRO OBSTETRA OU OBSTETRIZ (COM DIRETRIZ DE UTILIZAÇÃO)AMBHCOREF135PROCEDIMENTOS GERAISPROCEDIMENTOS GERAISACOMPANHAMENTO DE PACIENTESCONSULTAS, VISITAS HOSPITALARES OUCONSULTA/AVALIAÇÃO COM FISIOTERAPEUTA541/202201/08/2022AMBREFPROCEDIMENTOS GERAISPROCEDIMENTOS GERAISACOMPANHAMENTO DE PACIENTESCONSULTAS, VISITAS HOSPITALARES OUCONSULTA MÉDICAAMBREFPROCEDIMENTOS GERAISPROCEDIMENTOS GERAISACOMPANHAMENTO DE PACIENTESCONSULTAS, VISITAS HOSPITALARES OUCONSULTA ODONTOLÓGICAODPROCEDIMENTOS GERAISPROCEDIMENTOS GERAISACOMPANHAMENTO DE PACIENTESCONSULTAS, VISITAS HOSPITALARES OUCONSULTA ODONTOLÓGICA INICIALODPROCEDIMENTOS GERAISPROCEDIMENTOS GERAISACOMPANHAMENTO DE PACIENTESCONSULTAS, VISITAS HOSPITALARES OUCONSULTA ODONTOLÓGICA DE URGÊNCIAODPROCEDIMENTOS GERAISPROCEDIMENTOS GERAISACOMPANHAMENTO DE PACIENTESCONSULTAS, VISITAS HOSPITALARES OUCONSULTA ODONTOLÓGICA PARA AVALIAÇÃO TÉCNICA DE AUDITORIAODPROCEDIMENTOS GERAISPROCEDIMENTOS GERAISACOMPANHAMENTO DE PACIENTESCONSULTAS, VISITAS HOSPITALARES OUCONSULTA/AVALIAÇÃO COM PSICÓLOGO541/202201/08/2022AMBREFPROCEDIMENTOS GERAISPROCEDIMENTOS GERAISACOMPANHAMENTO DE PACIENTESLegenda:HCO: Seg. Hospitalar Com ObstetríciaPAC: Procedimento de Alta ComplexidadeOD: Seg. OdontológicaHSO: Seg. Hospitalar Sem ObstetríciaDUT: Diretriz de UtilizaçãoAMB: Seg. AmbulatorialREF: Plano Referência1",
"",
"",
"",
"Rol de Procedimentos e Eventos em Saúde(RN 465/2021, vigente a partir de 01/04/2021, e suas alterações)CONSULTAS, VISITAS HOSPITALARES OUACONSELHAMENTO GENÉTICOAMBHCOHSOREFPROCEDIMENTOS GERAISPROCEDIMENTOS GERAISACOMPANHAMENTO DE PACIENTESCONSULTAS, VISITAS HOSPITALARES OUATENDIMENTO/ACOMPANHAMENTO EM HOSPITAL-DIA PSIQUIÁTRICO (COM DIRETRIZ DE UTILIZAÇÃO)HCOHSOREF109PROCEDIMENTOS GERAISPROCEDIMENTOS GERAISACOMPANHAMENTO DE PACIENTESCONSULTAS, VISITAS HOSPITALARES OUATENDIMENTO INTEGRAL AO RECÉM-NASCIDO (SALA DE PARTO, BERÇÁRIO E UTI)HCOREFPROCEDIMENTOS GERAISPROCEDIMENTOS GERAISACOMPANHAMENTO DE PACIENTESCONSULTAS, VISITAS HOSPITALARES OUATENDIMENTO MÉDICO DO INTENSIVISTA EM UTI GERAL OU PEDIÁTRICAHCOHSOREFPROCEDIMENTOS GERAISPROCEDIMENTOS GERAISACOMPANHAMENTO DE PACIENTESCONSULTAS, VISITAS HOSPITALARES OUATENDIMENTO PEDIÁTRICO A GESTANTES (3o TRIMESTRE)AMBHCOREFPROCEDIMENTOS GERAISPROCEDIMENTOS GERAISACOMPANHAMENTO DE PACIENTESCONSULTAS, VISITAS HOSPITALARES OUATIVIDADE EDUCACIONAL PARA PLANEJAMENTO FAMILIARAMBREFPROCEDIMENTOS GERAISPROCEDIMENTOS GERAISACOMPANHAMENTO DE PACIENTESCONSULTAS, VISITAS HOSPITALARES OUATIVIDADE EDUCATIVA EM SAÚDE BUCALODPROCEDIMENTOS GERAISPROCEDIMENTOS GERAISACOMPANHAMENTO DE PACIENTESATIVIDADE EDUCATIVA EM ODONTOLOGIA PARA PAIS E/OU CUIDADORES DE PACIENTES COM NECESSIDADESCONSULTAS, VISITAS HOSPITALARES OUODPROCEDIMENTOS GERAISPROCEDIMENTOS GERAISESPECIAISACOMPANHAMENTO DE PACIENTESCONSULTAS, VISITAS HOSPITALARES OUCONDICIONAMENTO EM ODONTOLOGIA (COM DIRETRIZ DE UTILIZAÇÃO)OD86PROCEDIMENTOS GERAISPROCEDIMENTOS GERAISACOMPANHAMENTO DE PACIENTESCONSULTAS, VISITAS HOSPITALARES OUESTABILIZAÇÃO DE PACIENTE POR MEIO DE CONTENÇÃO FÍSICA E/OU MECÂNICAODPROCEDIMENTOS GERAISPROCEDIMENTOS GERAISACOMPANHAMENTO DE PACIENTESCONSULTAS, VISITAS HOSPITALARES OUCONSULTA DE ACONSELHAMENTO PARA PLANEJAMENTO FAMILIARAMBREFPROCEDIMENTOS GERAISPROCEDIMENTOS GERAISACOMPANHAMENTO DE PACIENTESCONSULTAS, VISITAS HOSPITALARES OUCONSULTA COM ENFERMEIRO OBSTETRA OU OBSTETRIZ (COM DIRETRIZ DE UTILIZAÇÃO)AMBHCOREF135PROCEDIMENTOS GERAISPROCEDIMENTOS GERAISACOMPANHAMENTO DE PACIENTESCONSULTAS, VISITAS HOSPITALARES OUCONSULTA/AVALIAÇÃO COM FISIOTERAPEUTA541/202201/08/2022AMBREFPROCEDIMENTOS GERAISPROCEDIMENTOS GERAISACOMPANHAMENTO DE PACIENTESCONSULTAS, VISITAS HOSPITALARES OUCONSULTA MÉDICAAMBREFPROCEDIMENTOS GERAISPROCEDIMENTOS GERAISACOMPANHAMENTO DE PACIENTESCONSULTAS, VISITAS HOSPITALARES OUCONSULTA ODONTOLÓGICAODPROCEDIMENTOS GERAISPROCEDIMENTOS GERAISACOMPANHAMENTO DE PACIENTESCONSULTAS, VISITAS HOSPITALARES OUCONSULTA ODONTOLÓGICA INICIALODPROCEDIMENTOS GERAISPROCEDIMENTOS GERAISACOMPANHAMENTO DE PACIENTESCONSULTAS, VISITAS HOSPITALARES OUCONSULTA ODONTOLÓGICA DE URGÊNCIAODPROCEDIMENTOS GERAISPROCEDIMENTOS GERAISACOMPANHAMENTO DE PACIENTESCONSULTAS, VISITAS HOSPITALARES OUCONSULTA ODONTOLÓGICA PARA AVALIAÇÃO TÉCNICA DE AUDITORIAODPROCEDIMENTOS GERAISPROCEDIMENTOS GERAISACOMPANHAMENTO DE PACIENTESCONSULTAS, VISITAS HOSPITALARES OUCONSULTA/AVALIAÇÃO COM PSICÓLOGO541/202201/08/2022AMBREFPROCEDIMENTOS GERAISPROCEDIMENTOS GERAISACOMPANHAMENTO DE PACIENTESLegenda:HCO: Seg. Hospitalar Com ObstetríciaPAC: Procedimento de Alta ComplexidadeOD: Seg. OdontológicaHSO: Seg. Hospitalar Sem ObstetríciaDUT: Diretriz de UtilizaçãoAMB: Seg. AmbulatorialREF: Plano Referência1"
""
""
"Rol de Procedimentos e Eventos em Saúde(RN 465/2021, vigente a partir de 01/04/2021, e suas alterações)CONSULTAS, VISITAS HOSPITALARES OUACONSELHAMENTO GENÉTICOAMBHCOHSOREFPROCEDIMENTOS GERAISPROCEDIMENTOS GERAISACOMPANHAMENTO DE PACIENTESCONSULTAS, VISITAS HOSPITALARES OUATENDIMENTO/ACOMPANHAMENTO EM HOSPITAL-DIA PSIQUIÁTRICO (COM DIRETRIZ DE UTILIZAÇÃO)HCOHSOREF109PROCEDIMENTOS GERAISPROCEDIMENTOS GERAISACOMPANHAMENTO DE PACIENTESCONSULTAS, VISITAS HOSPITALARES OUATENDIMENTO INTEGRAL AO RECÉM-NASCIDO (SALA DE PARTO, BERÇÁRIO E UTI)HCOREFPROCEDIMENTOS GERAISPROCEDIMENTOS GERAISACOMPANHAMENTO DE PACIENTESCONSULTAS, VISITAS HOSPITALARES OUATENDIMENTO MÉDICO DO INTENSIVISTA EM UTI GERAL OU PEDIÁTRICAHCOHSOREFPROCEDIMENTOS GERAISPROCEDIMENTOS GERAISACOMPANHAMENTO DE PACIENTESCONSULTAS, VISITAS HOSPITALARES OUATENDIMENTO PEDIÁTRICO A GESTANTES (3o TRIMESTRE)AMBHCOREFPROCEDIMENTOS GERAISPROCEDIMENTOS GERAISACOMPANHAMENTO DE PACIENTESCONSULTAS, VISITAS HOSPITALARES OUATIVIDADE EDUCACIONAL PARA PLANEJAMENTO FAMILIARAMBREFPROCEDIMENTOS GERAISPROCEDIMENTOS GERAISACOMPANHAMENTO DE PACIENTESCONSULTAS, VISITAS HOSPITALARES OUATIVIDADE EDUCATIVA EM SAÚDE BUCALODPROCEDIMENTOS GERAISPROCEDIMENTOS GERAISACOMPANHAMENTO DE PACIENTESATIVIDADE EDUCATIVA EM ODONTOLOGIA PARA PAIS E/OU CUIDADORES DE PACIENTES COM NECESSIDADESCONSULTAS, VISITAS HOSPITALARES OUODPROCEDIMENTOS GERAISPROCEDIMENTOS GERAISESPECIAISACOMPANHAMENTO DE PACIENTESCONSULTAS, VISITAS HOSPITALARES OUCONDICIONAMENTO EM ODONTOLOGIA (COM DIRETRIZ DE UTILIZAÇÃO)OD86PROCEDIMENTOS GERAISPROCEDIMENTOS GERAISACOMPANHAMENTO DE PACIENTESCONSULTAS, VISITAS HOSPITALARES OUESTABILIZAÇÃO DE PACIENTE POR MEIO DE CONTENÇÃO FÍSICA E/OU MECÂNICAODPROCEDIMENTOS GERAISPROCEDIMENTOS GERAISACOMPANHAMENTO DE PACIENTESCONSULTAS, VISITAS HOSPITALARES OUCONSULTA DE ACONSELHAMENTO PARA PLANEJAMENTO FAMILIARAMBREFPROCEDIMENTOS GERAISPROCEDIMENTOS GERAISACOMPANHAMENTO DE PACIENTESCONSULTAS, VISITAS HOSPITALARES OUCONSULTA COM ENFERMEIRO OBSTETRA OU OBSTETRIZ (COM DIRETRIZ DE UTILIZAÇÃO)AMBHCOREF135PROCEDIMENTOS GERAISPROCEDIMENTOS GERAISACOMPANHAMENTO DE PACIENTESCONSULTAS, VISITAS HOSPITALARES OUCONSULTA/AVALIAÇÃO COM FISIOTERAPEUTA541/202201/08/2022AMBREFPROCEDIMENTOS GERAISPROCEDIMENTOS GERAISACOMPANHAMENTO DE PACIENTESCONSULTAS, VISITAS HOSPITALARES OUCONSULTA MÉDICAAMBREFPROCEDIMENTOS GERAISPROCEDIMENTOS GERAISACOMPANHAMENTO DE PACIENTESCONSULTAS, VISITAS HOSPITALARES OUCONSULTA ODONTOLÓGICAODPROCEDIMENTOS GERAISPROCEDIMENTOS GERAISACOMPANHAMENTO DE PACIENTESCONSULTAS, VISITAS HOSPITALARES OUCONSULTA ODONTOLÓGICA INICIALODPROCEDIMENTOS GERAISPROCEDIMENTOS GERAISACOMPANHAMENTO DE PACIENTESCONSULTAS, VISITAS HOSPITALARES OUCONSULTA ODONTOLÓGICA DE URGÊNCIAODPROCEDIMENTOS GERAISPROCEDIMENTOS GERAISACOMPANHAMENTO DE PACIENTESCONSULTAS, VISITAS HOSPITALARES OUCONSULTA ODONTOLÓGICA PARA AVALIAÇÃO TÉCNICA DE AUDITORIAODPROCEDIMENTOS GERAISPROCEDIMENTOS GERAISACOMPANHAMENTO DE PACIENTESCONSULTAS, VISITAS HOSPITALARES OUCONSULTA/AVALIAÇÃO COM PSICÓLOGO541/202201/08/2022AMBREFPROCEDIMENTOS GERAISPROCEDIMENTOS GERAISACOMPANHAMENTO DE PACIENTESLegenda:HCO: Seg. Hospitalar Com ObstetríciaPAC: Procedimento de Alta ComplexidadeOD: Seg. OdontológicaHSO: Seg. Hospitalar Sem ObstetríciaDUT: Diretriz de UtilizaçãoAMB: Seg. AmbulatorialREF: Plano Referência1"
""
""
"Rol de Procedimentos e Eventos em Saúde(RN 465/2021, vigente a partir de 01/04/2021, e suas alterações)CONSULTAS, VISITAS HOSPITALARES OUACONSELHAMENTO GENÉTICOAMBHCOHSOREFPROCEDIMENTOS GERAISPROCEDIMENTOS GERAISACOMPANHAMENTO DE PACIENTESCONSULTAS, VISITAS HOSPITALARES OUATENDIMENTO/ACOMPANHAMENTO EM HOSPITAL-DIA PSIQUIÁTRICO (COM DIRETRIZ DE UTILIZAÇÃO)HCOHSOREF109PROCEDIMENTOS GERAISPROCEDIMENTOS GERAISACOMPANHAMENTO DE PACIENTESCONSULTAS, VISITAS HOSPITALARES OUATENDIMENTO INTEGRAL AO RECÉM-NASCIDO (SALA DE PARTO, BERÇÁRIO E UTI)HCOREFPROCEDIMENTOS GERAISPROCEDIMENTOS GERAISACOMPANHAMENTO DE PACIENTESCONSULTAS, VISITAS HOSPITALARES OUATENDIMENTO MÉDICO DO INTENSIVISTA EM UTI GERAL OU PEDIÁTRICAHCOHSOREFPROCEDIMENTOS GERAISPROCEDIMENTOS GERAISACOMPANHAMENTO DE PACIENTESCONSULTAS, VISITAS HOSPITALARES OUATENDIMENTO PEDIÁTRICO A GESTANTES (3o TRIMESTRE)AMBHCOREFPROCEDIMENTOS GERAISPROCEDIMENTOS GERAISACOMPANHAMENTO DE PACIENTESCONSULTAS, VISITAS HOSPITALARES OUATIVIDADE EDUCACIONAL PARA PLANEJAMENTO FAMILIARAMBREFPROCEDIMENTOS GERAISPROCEDIMENTOS GERAISACOMPANHAMENTO DE PACIENTESCONSULTAS, VISITAS HOSPITALARES OUATIVIDADE EDUCATIVA EM SAÚDE BUCALODPROCEDIMENTOS GERAISPROCEDIMENTOS GERAISACOMPANHAMENTO DE PACIENTESATIVIDADE EDUCATIVA EM ODONTOLOGIA PARA PAIS E/OU CUIDADORES DE PACIENTES COM NECESSIDADESCONSULTAS, VISITAS HOSPITALARES OUODPROCEDIMENTOS GERAISPROCEDIMENTOS GERAISESPECIAISACOMPANHAMENTO DE PACIENTESCONSULTAS, VISITAS HOSPITALARES OUCONDICIONAMENTO EM ODONTOLOGIA (COM DIRETRIZ DE UTILIZAÇÃO)OD86PROCEDIMENTOS GERAISPROCEDIMENTOS GERAISACOMPANHAMENTO DE PACIENTESCONSULTAS, VISITAS HOSPITALARES OUESTABILIZAÇÃO DE PACIENTE POR MEIO DE CONTENÇÃO FÍSICA E/OU MECÂNICAODPROCEDIMENTOS GERAISPROCEDIMENTOS GERAISACOMPANHAMENTO DE PACIENTESCONSULTAS, VISITAS HOSPITALARES OUCONSULTA DE ACONSELHAMENTO PARA PLANEJAMENTO FAMILIARAMBREFPROCEDIMENTOS GERAISPROCEDIMENTOS GERAISACOMPANHAMENTO DE PACIENTESCONSULTAS, VISITAS HOSPITALARES OUCONSULTA COM ENFERMEIRO OBSTETRA OU OBSTETRIZ (COM DIRETRIZ DE UTILIZAÇÃO)AMBHCOREF135PROCEDIMENTOS GERAISPROCEDIMENTOS GERAISACOMPANHAMENTO DE PACIENTESCONSULTAS, VISITAS HOSPITALARES OUCONSULTA/AVALIAÇÃO COM FISIOTERAPEUTA541/202201/08/2022AMBREFPROCEDIMENTOS GERAISPROCEDIMENTOS GERAISACOMPANHAMENTO DE PACIENTESCONSULTAS, VISITAS HOSPITALARES OUCONSULTA MÉDICAAMBREFPROCEDIMENTOS GERAISPROCEDIMENTOS GERAISACOMPANHAMENTO DE PACIENTESCONSULTAS, VISITAS HOSPITALARES OUCONSULTA ODONTOLÓGICAODPROCEDIMENTOS GERAISPROCEDIMENTOS GERAISACOMPANHAMENTO DE PACIENTESCONSULTAS, VISITAS HOSPITALARES OUCONSULTA ODONTOLÓGICA INICIALODPROCEDIMENTOS GERAISPROCEDIMENTOS GERAISACOMPANHAMENTO DE PACIENTESCONSULTAS, VISITAS HOSPITALARES OUCONSULTA ODONTOLÓGICA DE URGÊNCIAODPROCEDIMENTOS GERAISPROCEDIMENTOS GERAISACOMPANHAMENTO DE PACIENTESCONSULTAS, VISITAS HOSPITALARES OUCONSULTA ODONTOLÓGICA PARA AVALIAÇÃO TÉCNICA DE AUDITORIAODPROCEDIMENTOS GERAISPROCEDIMENTOS GERAISACOMPANHAMENTO DE PACIENTESCONSULTAS, VISITAS HOSPITALARES OUCONSULTA/AVALIAÇÃO COM PSICÓLOGO541/202201/08/2022AMBREFPROCEDIMENTOS GERAISPROCEDIMENTOS GERAISACOMPANHAMENTO DE PACIENTESLegenda:HCO: Seg. Hospitalar Com ObstetríciaPAC: Procedimento de Alta ComplexidadeOD: Seg. OdontológicaHSO: Seg. Hospitalar Sem ObstetríciaDUT: Diretriz de UtilizaçãoAMB: Seg. AmbulatorialREF: Plano Referência1"
""
""
"Rol de Procedimentos e Eventos em Saúde(RN 465/2021, vigente a partir de 01/04/2021, e suas alterações)CONSULTAS, VISITAS HOSPITALARES OUACONSELHAMENTO GENÉTICOAMBHCOHSOREFPROCEDIMENTOS GERAISPROCEDIMENTOS GERAISACOMPANHAMENTO DE PACIENTESCONSULTAS, VISITAS HOSPITALARES OUATENDIMENTO/ACOMPANHAMENTO EM HOSPITAL-DIA PSIQUIÁTRICO (COM DIRETRIZ DE UTILIZAÇÃO)HCOHSOREF109PROCEDIMENTOS GERAISPROCEDIMENTOS GERAISACOMPANHAMENTO DE PACIENTESCONSULTAS, VISITAS HOSPITALARES OUATENDIMENTO INTEGRAL AO RECÉM-NASCIDO (SALA DE PARTO, BERÇÁRIO E UTI)HCOREFPROCEDIMENTOS GERAISPROCEDIMENTOS GERAISACOMPANHAMENTO DE PACIENTESCONSULTAS, VISITAS HOSPITALARES OUATENDIMENTO MÉDICO DO INTENSIVISTA EM UTI GERAL OU PEDIÁTRICAHCOHSOREFPROCEDIMENTOS GERAISPROCEDIMENTOS GERAISACOMPANHAMENTO DE PACIENTESCONSULTAS, VISITAS HOSPITALARES OUATENDIMENTO PEDIÁTRICO A GESTANTES (3o TRIMESTRE)AMBHCOREFPROCEDIMENTOS GERAISPROCEDIMENTOS GERAISACOMPANHAMENTO DE PACIENTESCONSULTAS, VISITAS HOSPITALARES OUATIVIDADE EDUCACIONAL PARA PLANEJAMENTO FAMILIARAMBREFPROCEDIMENTOS GERAISPROCEDIMENTOS GERAISACOMPANHAMENTO DE PACIENTESCONSULTAS, VISITAS HOSPITALARES OUATIVIDADE EDUCATIVA EM SAÚDE BUCALODPROCEDIMENTOS GERAISPROCEDIMENTOS GERAISACOMPANHAMENTO DE PACIENTESATIVIDADE EDUCATIVA EM ODONTOLOGIA PARA PAIS E/OU CUIDADORES DE PACIENTES COM NECESSIDADESCONSULTAS, VISITAS HOSPITALARES OUODPROCEDIMENTOS GERAISPROCEDIMENTOS GERAISESPECIAISACOMPANHAMENTO DE PACIENTESCONSULTAS, VISITAS HOSPITALARES OUCONDICIONAMENTO EM ODONTOLOGIA (COM DIRETRIZ DE UTILIZAÇÃO)OD86PROCEDIMENTOS GERAISPROCEDIMENTOS GERAISACOMPANHAMENTO DE PACIENTESCONSULTAS, VISITAS HOSPITALARES OUESTABILIZAÇÃO DE PACIENTE POR MEIO DE CONTENÇÃO FÍSICA E/OU MECÂNICAODPROCEDIMENTOS GERAISPROCEDIMENTOS GERAISACOMPANHAMENTO DE PACIENTESCONSULTAS, VISITAS HOSPITALARES OUCONSULTA DE ACONSELHAMENTO PARA PLANEJAMENTO FAMILIARAMBREFPROCEDIMENTOS GERAISPROCEDIMENTOS GERAISACOMPANHAMENTO DE PACIENTESCONSULTAS, VISITAS HOSPITALARES OUCONSULTA COM ENFERMEIRO OBSTETRA OU OBSTETRIZ (COM DIRETRIZ DE UTILIZAÇÃO)AMBHCOREF135PROCEDIMENTOS GERAISPROCEDIMENTOS GERAISACOMPANHAMENTO DE PACIENTESCONSULTAS, VISITAS HOSPITALARES OUCONSULTA/AVALIAÇÃO COM FISIOTERAPEUTA541/202201/08/2022AMBREFPROCEDIMENTOS GERAISPROCEDIMENTOS GERAISACOMPANHAMENTO DE PACIENTESCONSULTAS, VISITAS HOSPITALARES OUCONSULTA MÉDICAAMBREFPROCEDIMENTOS GERAISPROCEDIMENTOS GERAISACOMPANHAMENTO DE PACIENTESCONSULTAS, VISITAS HOSPITALARES OUCONSULTA ODONTOLÓGICAODPROCEDIMENTOS GERAISPROCEDIMENTOS GERAISACOMPANHAMENTO DE PACIENTESCONSULTAS, VISITAS HOSPITALARES OUCONSULTA ODONTOLÓGICA INICIALODPROCEDIMENTOS GERAISPROCEDIMENTOS GERAISACOMPANHAMENTO DE PACIENTESCONSULTAS, VISITAS HOSPITALARES OUCONSULTA ODONTOLÓGICA DE URGÊNCIAODPROCEDIMENTOS GERAISPROCEDIMENTOS GERAISACOMPANHAMENTO DE PACIENTESCONSULTAS, VISITAS HOSPITALARES OUCONSULTA ODONTOLÓGICA PARA AVALIAÇÃO TÉCNICA DE AUDITORIAODPROCEDIMENTOS GERAISPROCEDIMENTOS GERAISACOMPANHAMENTO DE PACIENTESCONSULTAS, VISITAS HOSPITALARES OUCONSULTA/AVALIAÇÃO COM PSICÓLOGO541/202201/08/2022AMBREFPROCEDIMENTOS GERAISPROCEDIMENTOS GERAISACOMPANHAMENTO DE PACIENTESLegenda:HCO: Seg. Hospitalar Com ObstetríciaPAC: Procedimento de Alta ComplexidadeOD: Seg. OdontológicaHSO: Seg. Hospitalar Sem ObstetríciaDUT: Diretriz de UtilizaçãoAMB: Seg. AmbulatorialREF: Plano Referência1",
"",
"",
"",
"Rol de Procedimentos e Eventos em Saúde(RN 465/2021, vigente a partir de 01/04/2021, e suas alterações)CONSULTAS, VISITAS HOSPITALARES OUACONSELHAMENTO GENÉTICOAMBHCOHSOREFPROCEDIMENTOS GERAISPROCEDIMENTOS GERAISACOMPANHAMENTO DE PACIENTESCONSULTAS, VISITAS HOSPITALARES OUATENDIMENTO/ACOMPANHAMENTO EM HOSPITAL-DIA PSIQUIÁTRICO (COM DIRETRIZ DE UTILIZAÇÃO)HCOHSOREF109PROCEDIMENTOS GERAISPROCEDIMENTOS GERAISACOMPANHAMENTO DE PACIENTESCONSULTAS, VISITAS HOSPITALARES OUATENDIMENTO INTEGRAL AO RECÉM-NASCIDO (SALA DE PARTO, BERÇÁRIO E UTI)HCOREFPROCEDIMENTOS GERAISPROCEDIMENTOS GERAISACOMPANHAMENTO DE PACIENTESCONSULTAS, VISITAS HOSPITALARES OUATENDIMENTO MÉDICO DO INTENSIVISTA EM UTI GERAL OU PEDIÁTRICAHCOHSOREFPROCEDIMENTOS GERAISPROCEDIMENTOS GERAISACOMPANHAMENTO DE PACIENTESCONSULTAS, VISITAS HOSPITALARES OUATENDIMENTO PEDIÁTRICO A GESTANTES (3o TRIMESTRE)AMBHCOREFPROCEDIMENTOS GERAISPROCEDIMENTOS GERAISACOMPANHAMENTO DE PACIENTESCONSULTAS, VISITAS HOSPITALARES OUATIVIDADE EDUCACIONAL PARA PLANEJAMENTO FAMILIARAMBREFPROCEDIMENTOS GERAISPROCEDIMENTOS GERAISACOMPANHAMENTO DE PACIENTESCONSULTAS, VISITAS HOSPITALARES OUATIVIDADE EDUCATIVA EM SAÚDE BUCALODPROCEDIMENTOS GERAISPROCEDIMENTOS GERAISACOMPANHAMENTO DE PACIENTESATIVIDADE EDUCATIVA EM ODONTOLOGIA PARA PAIS E/OU CUIDADORES DE PACIENTES COM NECESSIDADESCONSULTAS, VISITAS HOSPITALARES OUODPROCEDIMENTOS GERAISPROCEDIMENTOS GERAISESPECIAISACOMPANHAMENTO DE PACIENTESCONSULTAS, VISITAS HOSPITALARES OUCONDICIONAMENTO EM ODONTOLOGIA (COM DIRETRIZ DE UTILIZAÇÃO)OD86PROCEDIMENTOS GERAISPROCEDIMENTOS GERAISACOMPANHAMENTO DE PACIENTESCONSULTAS, VISITAS HOSPITALARES OUESTABILIZAÇÃO DE PACIENTE POR MEIO DE CONTENÇÃO FÍSICA E/OU MECÂNICAODPROCEDIMENTOS GERAISPROCEDIMENTOS GERAISACOMPANHAMENTO DE PACIENTESCONSULTAS, VISITAS HOSPITALARES OUCONSULTA DE ACONSELHAMENTO PARA PLANEJAMENTO FAMILIARAMBREFPROCEDIMENTOS GERAISPROCEDIMENTOS GERAISACOMPANHAMENTO DE PACIENTESCONSULTAS, VISITAS HOSPITALARES OUCONSULTA COM ENFERMEIRO OBSTETRA OU OBSTETRIZ (COM DIRETRIZ DE UTILIZAÇÃO)AMBHCOREF135PROCEDIMENTOS GERAISPROCEDIMENTOS GERAISACOMPANHAMENTO DE PACIENTESCONSULTAS, VISITAS HOSPITALARES OUCONSULTA/AVALIAÇÃO COM FISIOTERAPEUTA541/202201/08/2022AMBREFPROCEDIMENTOS GERAISPROCEDIMENTOS GERAISACOMPANHAMENTO DE PACIENTESCONSULTAS, VISITAS HOSPITALARES OUCONSULTA MÉDICAAMBREFPROCEDIMENTOS GERAISPROCEDIMENTOS GERAISACOMPANHAMENTO DE PACIENTESCONSULTAS, VISITAS HOSPITALARES OUCONSULTA ODONTOLÓGICAODPROCEDIMENTOS GERAISPROCEDIMENTOS GERAISACOMPANHAMENTO DE PACIENTESCONSULTAS, VISITAS HOSPITALARES OUCONSULTA ODONTOLÓGICA INICIALODPROCEDIMENTOS GERAISPROCEDIMENTOS GERAISACOMPANHAMENTO DE PACIENTESCONSULTAS, VISITAS HOSPITALARES OUCONSULTA ODONTOLÓGICA DE URGÊNCIAODPROCEDIMENTOS GERAISPROCEDIMENTOS GERAISACOMPANHAMENTO DE PACIENTESCONSULTAS, VISITAS HOSPITALARES OUCONSULTA ODONTOLÓGICA PARA AVALIAÇÃO TÉCNICA DE AUDITORIAODPROCEDIMENTOS GERAISPROCEDIMENTOS GERAISACOMPANHAMENTO DE PACIENTESCONSULTAS, VISITAS HOSPITALARES OUCONSULTA/AVALIAÇÃO COM PSICÓLOGO541/202201/08/2022AMBREFPROCEDIMENTOS GERAISPROCEDIMENTOS GERAISACOMPANHAMENTO DE PACIENTESLegenda:HCO: Seg. Hospitalar Com ObstetríciaPAC: Procedimento de Alta ComplexidadeOD: Seg. OdontológicaHSO: Seg. Hospitalar Sem ObstetríciaDUT: Diretriz de UtilizaçãoAMB: Seg. AmbulatorialREF: Plano Referência1",,,,,
"",,,,,
"",,,,,
"",,,,,
"Rol de Procedimentos e Eventos em Saúde(RN 465/2021, vigente a partir de 01/04/2021, e suas alterações)CONSULTAS, VISITAS HOSPITALARES OUACONSELHAMENTO GENÉTICOAMBHCOHSOREFPROCEDIMENTOS GERAISPROCEDIMENTOS GERAISACOMPANHAMENTO DE PACIENTESCONSULTAS, VISITAS HOSPITALARES OUATENDIMENTO/ACOMPANHAMENTO EM HOSPITAL-DIA PSIQUIÁTRICO (COM DIRETRIZ DE UTILIZAÇÃO)HCOHSOREF109PROCEDIMENTOS GERAISPROCEDIMENTOS GERAISACOMPANHAMENTO DE PACIENTESCONSULTAS, VISITAS HOSPITALARES OUATENDIMENTO INTEGRAL AO RECÉM-NASCIDO (SALA DE PARTO, BERÇÁRIO E UTI)HCOREFPROCEDIMENTOS GERAISPROCEDIMENTOS GERAISACOMPANHAMENTO DE PACIENTESCONSULTAS, VISITAS HOSPITALARES OUATENDIMENTO MÉDICO DO INTENSIVISTA EM UTI GERAL OU PEDIÁTRICAHCOHSOREFPROCEDIMENTOS GERAISPROCEDIMENTOS GERAISACOMPANHAMENTO DE PACIENTESCONSULTAS, VISITAS HOSPITALARES OUATENDIMENTO PEDIÁTRICO A GESTANTES (3o TRIMESTRE)AMBHCOREFPROCEDIMENTOS GERAISPROCEDIMENTOS GERAISACOMPANHAMENTO DE PACIENTESCONSULTAS, VISITAS HOSPITALARES OUATIVIDADE EDUCACIONAL PARA PLANEJAMENTO FAMILIARAMBREFPROCEDIMENTOS GERAISPROCEDIMENTOS GERAISACOMPANHAMENTO DE PACIENTESCONSULTAS, VISITAS HOSPITALARES OUATIVIDADE EDUCATIVA EM SAÚDE BUCALODPROCEDIMENTOS GERAISPROCEDIMENTOS GERAISACOMPANHAMENTO DE PACIENTESATIVIDADE EDUCATIVA EM ODONTOLOGIA PARA PAIS E/OU CUIDADORES DE PACIENTES COM NECESSIDADESCONSULTAS, VISITAS HOSPITALARES OUODPROCEDIMENTOS GERAISPROCEDIMENTOS GERAISESPECIAISACOMPANHAMENTO DE PACIENTESCONSULTAS, VISITAS HOSPITALARES OUCONDICIONAMENTO EM ODONTOLOGIA (COM DIRETRIZ DE UTILIZAÇÃO)OD86PROCEDIMENTOS GERAISPROCEDIMENTOS GERAISACOMPANHAMENTO DE PACIENTESCONSULTAS, VISITAS HOSPITALARES OUESTABILIZAÇÃO DE PACIENTE POR MEIO DE CONTENÇÃO FÍSICA E/OU MECÂNICAODPROCEDIMENTOS GERAISPROCEDIMENTOS GERAISACOMPANHAMENTO DE PACIENTESCONSULTAS, VISITAS HOSPITALARES OUCONSULTA DE ACONSELHAMENTO PARA PLANEJAMENTO FAMILIARAMBREFPROCEDIMENTOS GERAISPROCEDIMENTOS GERAISACOMPANHAMENTO DE PACIENTESCONSULTAS, VISITAS HOSPITALARES OUCONSULTA COM ENFERMEIRO OBSTETRA OU OBSTETRIZ (COM DIRETRIZ DE UTILIZAÇÃO)AMBHCOREF135PROCEDIMENTOS GERAISPROCEDIMENTOS GERAISACOMPANHAMENTO DE PACIENTESCONSULTAS, VISITAS HOSPITALARES OUCONSULTA/AVALIAÇÃO COM FISIOTERAPEUTA541/202201/08/2022AMBREFPROCEDIMENTOS GERAISPROCEDIMENTOS GERAISACOMPANHAMENTO DE PACIENTESCONSULTAS, VISITAS HOSPITALARES OUCONSULTA MÉDICAAMBREFPROCEDIMENTOS GERAISPROCEDIMENTOS GERAISACOMPANHAMENTO DE PACIENTESCONSULTAS, VISITAS HOSPITALARES OUCONSULTA ODONTOLÓGICAODPROCEDIMENTOS GERAISPROCEDIMENTOS GERAISACOMPANHAMENTO DE PACIENTESCONSULTAS, VISITAS HOSPITALARES OUCONSULTA ODONTOLÓGICA INICIALODPROCEDIMENTOS GERAISPROCEDIMENTOS GERAISACOMPANHAMENTO DE PACIENTESCONSULTAS, VISITAS HOSPITALARES OUCONSULTA ODONTOLÓGICA DE URGÊNCIAODPROCEDIMENTOS GERAISPROCEDIMENTOS GERAISACOMPANHAMENTO DE PACIENTESCONSULTAS, VISITAS HOSPITALARES OUCONSULTA ODONTOLÓGICA PARA AVALIAÇÃO TÉCNICA DE AUDITORIAODPROCEDIMENTOS GERAISPROCEDIMENTOS GERAISACOMPANHAMENTO DE PACIENTESCONSULTAS, VISITAS HOSPITALARES OUCONSULTA/AVALIAÇÃO COM PSICÓLOGO541/202201/08/2022AMBREFPROCEDIMENTOS GERAISPROCEDIMENTOS GERAISACOMPANHAMENTO DE PACIENTESLegenda:HCO: Seg. Hospitalar Com ObstetríciaPAC: Procedimento de Alta ComplexidadeOD: Seg. OdontológicaHSO: Seg. Hospitalar Sem ObstetríciaDUT: Diretriz de UtilizaçãoAMB: Seg. AmbulatorialREF: Plano Referência1"
""
""
"Rol de Procedimentos e Eventos em Saúde(RN 465/2021, vigente a partir de 01/04/2021, e suas alterações)CONSULTAS, VISITAS HOSPITALARES OUACONSELHAMENTO GENÉTICOAMBHCOHSOREFPROCEDIMENTOS GERAISPROCEDIMENTOS GERAISACOMPANHAMENTO DE PACIENTESCONSULTAS, VISITAS HOSPITALARES OUATENDIMENTO/ACOMPANHAMENTO EM HOSPITAL-DIA PSIQUIÁTRICO (COM DIRETRIZ DE UTILIZAÇÃO)HCOHSOREF109PROCEDIMENTOS GERAISPROCEDIMENTOS GERAISACOMPANHAMENTO DE PACIENTESCONSULTAS, VISITAS HOSPITALARES OUATENDIMENTO INTEGRAL AO RECÉM-NASCIDO (SALA DE PARTO, BERÇÁRIO E UTI)HCOREFPROCEDIMENTOS GERAISPROCEDIMENTOS GERAISACOMPANHAMENTO DE PACIENTESCONSULTAS, VISITAS HOSPITALARES OUATENDIMENTO MÉDICO DO INTENSIVISTA EM UTI GERAL OU PEDIÁTRICAHCOHSOREFPROCEDIMENTOS GERAISPROCEDIMENTOS GERAISACOMPANHAMENTO DE PACIENTESCONSULTAS, VISITAS HOSPITALARES OUATENDIMENTO PEDIÁTRICO A GESTANTES (3o TRIMESTRE)AMBHCOREFPROCEDIMENTOS GERAISPROCEDIMENTOS GERAISACOMPANHAMENTO DE PACIENTESCONSULTAS, VISITAS HOSPITALARES OUATIVIDADE EDUCACIONAL PARA PLANEJAMENTO FAMILIARAMBREFPROCEDIMENTOS GERAISPROCEDIMENTOS GERAISACOMPANHAMENTO DE PACIENTESCONSULTAS, VISITAS HOSPITALARES OUATIVIDADE EDUCATIVA EM SAÚDE BUCALODPROCEDIMENTOS GERAISPROCEDIMENTOS GERAISACOMPANHAMENTO DE PACIENTESATIVIDADE EDUCATIVA EM ODONTOLOGIA PARA PAIS E/OU CUIDADORES DE PACIENTES COM NECESSIDADESCONSULTAS, VISITAS HOSPITALARES OUODPROCEDIMENTOS GERAISPROCEDIMENTOS GERAISESPECIAISACOMPANHAMENTO DE PACIENTESCONSULTAS, VISITAS HOSPITALARES OUCONDICIONAMENTO EM ODONTOLOGIA (COM DIRETRIZ DE UTILIZAÇÃO)OD86PROCEDIMENTOS GERAISPROCEDIMENTOS GERAISACOMPANHAMENTO DE PACIENTESCONSULTAS, VISITAS HOSPITALARES OUESTABILIZAÇÃO DE PACIENTE POR MEIO DE CONTENÇÃO FÍSICA E/OU MECÂNICAODPROCEDIMENTOS GERAISPROCEDIMENTOS GERAISACOMPANHAMENTO DE PACIENTESCONSULTAS, VISITAS HOSPITALARES OUCONSULTA DE ACONSELHAMENTO PARA PLANEJAMENTO FAMILIARAMBREFPROCEDIMENTOS GERAISPROCEDIMENTOS GERAISACOMPANHAMENTO DE PACIENTESCONSULTAS, VISITAS HOSPITALARES OUCONSULTA COM ENFERMEIRO OBSTETRA OU OBSTETRIZ (COM DIRETRIZ DE UTILIZAÇÃO)AMBHCOREF135PROCEDIMENTOS GERAISPROCEDIMENTOS GERAISACOMPANHAMENTO DE PACIENTESCONSULTAS, VISITAS HOSPITALARES OUCONSULTA/AVALIAÇÃO COM FISIOTERAPEUTA541/202201/08/2022AMBREFPROCEDIMENTOS GERAISPROCEDIMENTOS GERAISACOMPANHAMENTO DE PACIENTESCONSULTAS, VISITAS HOSPITALARES OUCONSULTA MÉDICAAMBREFPROCEDIMENTOS GERAISPROCEDIMENTOS GERAISACOMPANHAMENTO DE PACIENTESCONSULTAS, VISITAS HOSPITALARES OUCONSULTA ODONTOLÓGICAODPROCEDIMENTOS GERAISPROCEDIMENTOS GERAISACOMPANHAMENTO DE PACIENTESCONSULTAS, VISITAS HOSPITALARES OUCONSULTA ODONTOLÓGICA INICIALODPROCEDIMENTOS GERAISPROCEDIMENTOS GERAISACOMPANHAMENTO DE PACIENTESCONSULTAS, VISITAS HOSPITALARES OUCONSULTA ODONTOLÓGICA DE URGÊNCIAODPROCEDIMENTOS GERAISPROCEDIMENTOS GERAISACOMPANHAMENTO DE PACIENTESCONSULTAS, VISITAS HOSPITALARES OUCONSULTA ODONTOLÓGICA PARA AVALIAÇÃO TÉCNICA DE AUDITORIAODPROCEDIMENTOS GERAISPROCEDIMENTOS GERAISACOMPANHAMENTO DE PACIENTESCONSULTAS, VISITAS HOSPITALARES OUCONSULTA/AVALIAÇÃO COM PSICÓLOGO541/202201/08/2022AMBREFPROCEDIMENTOS GERAISPROCEDIMENTOS GERAISACOMPANHAMENTO DE PACIENTESLegenda:HCO: Seg. Hospitalar Com ObstetríciaPAC: Procedimento de Alta ComplexidadeOD: Seg. OdontológicaHSO: Seg. Hospitalar Sem ObstetríciaDUT: Diretriz de UtilizaçãoAMB: Seg. AmbulatorialREF: Plano Referência1",,,,,,,,,,,,,,
"",,,,,,,,,,,,,,
"",,,,,,,,,,,,,,
"",,,,,,,,,,,,,,
"",,,,,,,,,,,,,,
ACONSELHAMENTO GENÉTICO,,,,AMB,HCO,HSO,REF,,,"CONSULTAS, VISITAS HOSPITALARES OUACOMPANHAMENTO DE PACIENTES",PROCEDIMENTOS GERAIS,PROCEDIMENTOS GERAIS,,
ATENDIMENTO/ACOMPANHAMENTO EM HOSPITAL-DIA PSIQUIÁTRICO (COM DIRETRIZ DE UTILIZAÇÃO),,,,,HCO,HSO,REF,,109,"CONSULTAS, VISITAS HOSPITALARES OUACOMPANHAMENTO DE PACIENTES",PROCEDIMENTOS GERAIS,PROCEDIMENTOS GERAIS,,
"ATENDIMENTO INTEGRAL AO RECÉM-NASCIDO (SALA DE PARTO, BERÇÁRIO E UTI)",,,,,HCO,,REF,,,"CONSULTAS, VISITAS HOSPITALARES OUACOMPANHAMENTO DE PACIENTES",PROCEDIMENTOS GERAIS,PROCEDIMENTOS GERAIS,,
ATENDIMENTO MÉDICO DO INTENSIVISTA EM UTI GERAL OU PEDIÁTRICA,,,,,HCO,HSO,REF,,,"CONSULTAS, VISITAS HOSPITALARES OUACOMPANHAMENTO DE PACIENTES",PROCEDIMENTOS GERAIS,PROCEDIMENTOS GERAIS,,
ATENDIMENTO PEDIÁTRICO A GESTANTES (3o TRIMESTRE),,,,AMB,HCO,,REF,,,"CONSULTAS, VISITAS HOSPITALARES OUACOMPANHAMENTO DE PACIENTES",PROCEDIMENTOS GERAIS,PROCEDIMENTOS GERAIS,,
ATIVIDADE EDUCACIONAL PARA PLANEJAMENTO FAMILIAR,,,,AMB,,,REF,,,"CONSULTAS, VISITAS HOSPITALARES OUACOMPANHAMENTO DE PACIENTES",PROCEDIMENTOS GERAIS,PROCEDIMENTOS GERAIS,,
ATIVIDADE EDUCATIVA EM SAÚDE BUCAL,,,OD,,,,,,,"CONSULTAS, VISITAS HOSPITALARES OUACOMPANHAMENTO DE PACIENTES",PROCEDIMENTOS GERAIS,PROCEDIMENTOS GERAIS,,
"ATIVIDADE EDUCATIVA EM ODONTOLOGIA PARA PAIS E/OU CUIDADORES DE PACIENTES COM NECESSIDADESESPECIAIS",,,OD,,,,,,,"CONSULTAS, VISITAS HOSPITALARES OUACOMPANHAMENTO DE PACIENTES",PROCEDIMENTOS GERAIS,PROCEDIMENTOS GERAIS,,
CONDICIONAMENTO EM ODONTOLOGIA (COM DIRETRIZ DE UTILIZAÇÃO),,,OD,,,,,,86,"CONSULTAS, VISITAS HOSPITALARES OUACOMPANHAMENTO DE PACIENTES",PROCEDIMENTOS GERAIS,PROCEDIMENTOS GERAIS,,
ESTABILIZAÇÃO DE PACIENTE POR MEIO DE CONTENÇÃO FÍSICA E/OU MECÂNICA,,,OD,,,,,,,"CONSULTAS, VISITAS HOSPITALARES OUACOMPANHAMENTO DE PACIENTES",PROCEDIMENTOS GERAIS,PROCEDIMENTOS GERAIS,,
CONSULTA DE ACONSELHAMENTO PARA PLANEJAMENTO FAMILIAR,,,,AMB,,,REF,,,"CONSULTAS, VISITAS HOSPITALARES OUACOMPANHAMENTO DE PACIENTES",PROCEDIMENTOS GERAIS,PROCEDIMENTOS GERAIS,,
CONSULTA COM ENFERMEIRO OBSTETRA OU OBSTETRIZ (COM DIRETRIZ DE UTILIZAÇÃO),,,,AMB,HCO,,REF,,135,"CONSULTAS, VISITAS HOSPITALARES OUACOMPANHAMENTO DE PACIENTES",PROCEDIMENTOS GERAIS,PROCEDIMENTOS GERAIS,,
CONSULTA/AVALIAÇÃO COM FISIOTERAPEUTA,541/2022,01/08/2022,,AMB,,,REF,,,"CONSULTAS, VISITAS HOSPITALARES OUACOMPANHAMENTO DE PACIENTES",PROCEDIMENTOS GERAIS,PROCEDIMENTOS GERAIS,,
CONSULTA MÉDICA,,,,AMB,,,REF,,,"CONSULTAS, VISITAS HOSPITALARES OUACOMPANHAMENTO DE PACIENTES",PROCEDIMENTOS GERAIS,PROCEDIMENTOS GERAIS,,
CONSULTA ODONTOLÓGICA,,,OD,,,,,,,"CONSULTAS, VISITAS HOSPITALARES OUACOMPANHAMENTO DE PACIENTES",PROCEDIMENTOS GERAIS,PROCEDIMENTOS GERAIS,,
CONSULTA ODONTOLÓGICA INICIAL,,,OD,,,,,,,"CONSULTAS, VISITAS HOSPITALARES OUACOMPANHAMENTO DE PACIENTES",PROCEDIMENTOS GERAIS,PROCEDIMENTOS GERAIS,,
CONSULTA ODONTOLÓGICA DE URGÊNCIA,,,OD,,,,,,,"CONSULTAS, VISITAS HOSPITALARES OUACOMPANHAMENTO DE PACIENTES",PROCEDIMENTOS GERAIS,PROCEDIMENTOS GERAIS,,
CONSULTA ODONTOLÓGICA PARA AVALIAÇÃO TÉCNICA DE AUDITORIA,,,OD,,,,,,,"CONSULTAS, VISITAS HOSPITALARES OUACOMPANHAMENTO DE PACIENTES",PROCEDIMENTOS GERAIS,PROCEDIMENTOS GERAIS,,
CONSULTA/AVALIAÇÃO COM PSICÓLOGO,541/2022,01/08/2022,,AMB,,,REF,,,"CONSULTAS, VISITAS HOSPITALARES OUACOMPANHAMENTO DE PACIENTES",PROCEDIMENTOS GERAIS,PROCEDIMENTOS GERAIS,,
"Rol de Procedimentos e Eventos em Saúde(RN 465/2021, vigente a partir de 01/04/2021, e suas alterações)CONSULTAS, VISITAS HOSPITALARES OUACONSELHAMENTO GENÉTICOAMBHCOHSOREFPROCEDIMENTOS GERAISPROCEDIMENTOS GERAISACOMPANHAMENTO DE PACIENTESCONSULTAS, VISITAS HOSPITALARES OUATENDIMENTO/ACOMPANHAMENTO EM HOSPITAL-DIA PSIQUIÁTRICO (COM DIRETRIZ DE UTILIZAÇÃO)HCOHSOREF109PROCEDIMENTOS GERAISPROCEDIMENTOS GERAISACOMPANHAMENTO DE PACIENTESCONSULTAS, VISITAS HOSPITALARES OUATENDIMENTO INTEGRAL AO RECÉM-NASCIDO (SALA DE PARTO, BERÇÁRIO E UTI)HCOREFPROCEDIMENTOS GERAISPROCEDIMENTOS GERAISACOMPANHAMENTO DE PACIENTESCONSULTAS, VISITAS HOSPITALARES OUATENDIMENTO MÉDICO DO INTENSIVISTA EM UTI GERAL OU PEDIÁTRICAHCOHSOREFPROCEDIMENTOS GERAISPROCEDIMENTOS GERAISACOMPANHAMENTO DE PACIENTESCONSULTAS, VISITAS HOSPITALARES OUATENDIMENTO PEDIÁTRICO A GESTANTES (3o TRIMESTRE)AMBHCOREFPROCEDIMENTOS GERAISPROCEDIMENTOS GERAISACOMPANHAMENTO DE PACIENTESCONSULTAS, VISITAS HOSPITALARES OUATIVIDADE EDUCACIONAL PARA PLANEJAMENTO FAMILIARAMBREFPROCEDIMENTOS GERAISPROCEDIMENTOS GERAISACOMPANHAMENTO DE PACIENTESCONSULTAS, VISITAS HOSPITALARES OUATIVIDADE EDUCATIVA EM SAÚDE BUCALODPROCEDIMENTOS GERAISPROCEDIMENTOS GERAISACOMPANHAMENTO DE PACIENTESATIVIDADE EDUCATIVA EM ODONTOLOGIA PARA PAIS E/OU CUIDADORES DE PACIENTES COM NECESSIDADESCONSULTAS, VISITAS HOSPITALARES OUODPROCEDIMENTOS GERAISPROCEDIMENTOS GERAISESPECIAISACOMPANHAMENTO DE PACIENTESCONSULTAS, VISITAS HOSPITALARES OUCONDICIONAMENTO EM ODONTOLOGIA (COM DIRETRIZ DE UTILIZAÇÃO)OD86PROCEDIMENTOS GERAISPROCEDIMENTOS GERAISACOMPANHAMENTO DE PACIENTESCONSULTAS, VISITAS HOSPITALARES OUESTABILIZAÇÃO DE PACIENTE POR MEIO DE CONTENÇÃO FÍSICA E/OU MECÂNICAODPROCEDIMENTOS GERAISPROCEDIMENTOS GERAISACOMPANHAMENTO DE PACIENTESCONSULTAS, VISITAS HOSPITALARES OUCONSULTA DE ACONSELHAMENTO PARA PLANEJAMENTO FAMILIARAMBREFPROCEDIMENTOS GERAISPROCEDIMENTOS GERAISACOMPANHAMENTO DE PACIENTESCONSULTAS, VISITAS HOSPITALARES OUCONSULTA COM ENFERMEIRO OBSTETRA OU OBSTETRIZ (COM DIRETRIZ DE UTILIZAÇÃO)AMBHCOREF135PROCEDIMENTOS GERAISPROCEDIMENTOS GERAISACOMPANHAMENTO DE PACIENTESCONSULTAS, VISITAS HOSPITALARES OUCONSULTA/AVALIAÇÃO COM FISIOTERAPEUTA541/202201/08/2022AMBREFPROCEDIMENTOS GERAISPROCEDIMENTOS GERAISACOMPANHAMENTO DE PACIENTESCONSULTAS, VISITAS HOSPITALARES OUCONSULTA MÉDICAAMBREFPROCEDIMENTOS GERAISPROCEDIMENTOS GERAISACOMPANHAMENTO DE PACIENTESCONSULTAS, VISITAS HOSPITALARES OUCONSULTA ODONTOLÓGICAODPROCEDIMENTOS GERAISPROCEDIMENTOS GERAISACOMPANHAMENTO DE PACIENTESCONSULTAS, VISITAS HOSPITALARES OUCONSULTA ODONTOLÓGICA INICIALODPROCEDIMENTOS GERAISPROCEDIMENTOS GERAISACOMPANHAMENTO DE PACIENTESCONSULTAS, VISITAS HOSPITALARES OUCONSULTA ODONTOLÓGICA DE URGÊNCIAODPROCEDIMENTOS GERAISPROCEDIMENTOS GERAISACOMPANHAMENTO DE PACIENTESCONSULTAS, VISITAS HOSPITALARES OUCONSULTA ODONTOLÓGICA PARA AVALIAÇÃO TÉCNICA DE AUDITORIAODPROCEDIMENTOS GERAISPROCEDIMENTOS GERAISACOMPANHAMENTO DE PACIENTESCONSULTAS, VISITAS HOSPITALARES OUCONSULTA/AVALIAÇÃO COM PSICÓLOGO541/202201/08/2022AMBREFPROCEDIMENTOS GERAISPROCEDIMENTOS GERAISACOMPANHAMENTO DE PACIENTESLegenda:HCO: Seg. Hospitalar Com ObstetríciaPAC: Procedimento de Alta ComplexidadeOD: Seg. OdontológicaHSO: Seg. Hospitalar Sem ObstetríciaDUT: Diretriz de UtilizaçãoAMB: Seg. AmbulatorialREF: Plano Referência1",
"",
"",
"",
"Rol de Procedimentos e Eventos em Saúde(RN 465/2021, vigente a partir de 01/04/2021, e suas alterações)CONSULTAS, VISITAS HOSPITALARES OUACONSELHAMENTO GENÉTICOAMBHCOHSOREFPROCEDIMENTOS GERAISPROCEDIMENTOS GERAISACOMPANHAMENTO DE PACIENTESCONSULTAS, VISITAS HOSPITALARES OUATENDIMENTO/ACOMPANHAMENTO EM HOSPITAL-DIA PSIQUIÁTRICO (COM DIRETRIZ DE UTILIZAÇÃO)HCOHSOREF109PROCEDIMENTOS GERAISPROCEDIMENTOS GERAISACOMPANHAMENTO DE PACIENTESCONSULTAS, VISITAS HOSPITALARES OUATENDIMENTO INTEGRAL AO RECÉM-NASCIDO (SALA DE PARTO, BERÇÁRIO E UTI)HCOREFPROCEDIMENTOS GERAISPROCEDIMENTOS GERAISACOMPANHAMENTO DE PACIENTESCONSULTAS, VISITAS HOSPITALARES OUATENDIMENTO MÉDICO DO INTENSIVISTA EM UTI GERAL OU PEDIÁTRICAHCOHSOREFPROCEDIMENTOS GERAISPROCEDIMENTOS GERAISACOMPANHAMENTO DE PACIENTESCONSULTAS, VISITAS HOSPITALARES OUATENDIMENTO PEDIÁTRICO A GESTANTES (3o TRIMESTRE)AMBHCOREFPROCEDIMENTOS GERAISPROCEDIMENTOS GERAISACOMPANHAMENTO DE PACIENTESCONSULTAS, VISITAS HOSPITALARES OUATIVIDADE EDUCACIONAL PARA PLANEJAMENTO FAMILIARAMBREFPROCEDIMENTOS GERAISPROCEDIMENTOS GERAISACOMPANHAMENTO DE PACIENTESCONSULTAS, VISITAS HOSPITALARES OUATIVIDADE EDUCATIVA EM SAÚDE BUCALODPROCEDIMENTOS GERAISPROCEDIMENTOS GERAISACOMPANHAMENTO DE PACIENTESATIVIDADE EDUCATIVA EM ODONTOLOGIA PARA PAIS E/OU CUIDADORES DE PACIENTES COM NECESSIDADESCONSULTAS, VISITAS HOSPITALARES OUODPROCEDIMENTOS GERAISPROCEDIMENTOS GERAISESPECIAISACOMPANHAMENTO DE PACIENTESCONSULTAS, VISITAS HOSPITALARES OUCONDICIONAMENTO EM ODONTOLOGIA (COM DIRETRIZ DE UTILIZAÇÃO)OD86PROCEDIMENTOS GERAISPROCEDIMENTOS GERAISACOMPANHAMENTO DE PACIENTESCONSULTAS, VISITAS HOSPITALARES OUESTABILIZAÇÃO DE PACIENTE POR MEIO DE CONTENÇÃO FÍSICA E/OU MECÂNICAODPROCEDIMENTOS GERAISPROCEDIMENTOS GERAISACOMPANHAMENTO DE PACIENTESCONSULTAS, VISITAS HOSPITALARES OUCONSULTA DE ACONSELHAMENTO PARA PLANEJAMENTO FAMILIARAMBREFPROCEDIMENTOS GERAISPROCEDIMENTOS GERAISACOMPANHAMENTO DE PACIENTESCONSULTAS, VISITAS HOSPITALARES OUCONSULTA COM ENFERMEIRO OBSTETRA OU OBSTETRIZ (COM DIRETRIZ DE UTILIZAÇÃO)AMBHCOREF135PROCEDIMENTOS GERAISPROCEDIMENTOS GERAISACOMPANHAMENTO DE PACIENTESCONSULTAS, VISITAS HOSPITALARES OUCONSULTA/AVALIAÇÃO COM FISIOTERAPEUTA541/202201/08/2022AMBREFPROCEDIMENTOS GERAISPROCEDIMENTOS GERAISACOMPANHAMENTO DE PACIENTESCONSULTAS, VISITAS HOSPITALARES OUCONSULTA MÉDICAAMBREFPROCEDIMENTOS GERAISPROCEDIMENTOS GERAISACOMPANHAMENTO DE PACIENTESCONSULTAS, VISITAS HOSPITALARES OUCONSULTA ODONTOLÓGICAODPROCEDIMENTOS GERAISPROCEDIMENTOS GERAISACOMPANHAMENTO DE PACIENTESCONSULTAS, VISITAS HOSPITALARES OUCONSULTA ODONTOLÓGICA INICIALODPROCEDIMENTOS GERAISPROCEDIMENTOS GERAISACOMPANHAMENTO DE PACIENTESCONSULTAS, VISITAS HOSPITALARES OUCONSULTA ODONTOLÓGICA DE URGÊNCIAODPROCEDIMENTOS GERAISPROCEDIMENTOS GERAISACOMPANHAMENTO DE PACIENTESCONSULTAS, VISITAS HOSPITALARES OUCONSULTA ODONTOLÓGICA PARA AVALIAÇÃO TÉCNICA DE AUDITORIAODPROCEDIMENTOS GERAISPROCEDIMENTOS GERAISACOMPANHAMENTO DE PACIENTESCONSULTAS, VISITAS HOSPITALARES OUCONSULTA/AVALIAÇÃO COM PSICÓLOGO541/202201/08/2022AMBREFPROCEDIMENTOS GERAISPROCEDIMENTOS GERAISACOMPANHAMENTO DE PACIENTESLegenda:HCO: Seg. Hospitalar Com ObstetríciaPAC: Procedimento de Alta ComplexidadeOD: Seg. OdontológicaHSO: Seg. Hospitalar Sem ObstetríciaDUT: Diretriz de UtilizaçãoAMB: Seg. AmbulatorialREF: Plano Referência1"
""
""
"",,,,,"CONSULTAS, VISITAS HOSPITALARES OU",,
SESSÃO COM PSICÓLOGO,541/2022,01/08/2022,AMB,REF,,PROCEDIMENTOS GERAIS,PROCEDIMENTOS GERAIS
"",,,,,ACOMPANHAMENTO DE PACIENTES,,
"",,,,,"CONSULTAS, VISITAS HOSPITALARES OU",,
CONSULTA/AVALIAÇÃO COM FONOAUDIÓLOGO,541/2022,01/08/2022,AMB,REF,,PROCEDIMENTOS GERAIS,PROCEDIMENTOS GERAIS
SESSÃO COM FONOAUDIÓLOGO,541/2022,01/08/2022,AMB,REF,,,PROCEDIMENTOS GERAIS,PROCEDIMENTOS GERAIS
"",,,,,,ACOMPANHAMENTO DE PACIENTES,,
"",,,,,,"CONSULTAS, VISITAS HOSPITALARES OU",,
CONSULTA COM NUTRICIONISTA (COM DIRETRIZ DE UTILIZAÇÃO),,,AMB,REF,103,,PROCEDIMENTOS GERAIS,PROCEDIMENTOS GERAIS
CONSULTA/AVALIAÇÃO COM TERAPEUTA OCUPACIONAL,541/2022,01/08/2022,AMB,REF,,PROCEDIMENTOS GERAIS,PROCEDIMENTOS GERAIS
"",,,,,ACOMPANHAMENTO DE PACIENTES,,
"",,,,,"CONSULTAS, VISITAS HOSPITALARES OU",,
SESSÃO COM TERAPEUTA OCUPACIONAL,541/2022,01/08/2022,AMB,REF,,PROCEDIMENTOS GERAIS,PROCEDIMENTOS GERAIS
"",HCO,HSO,REF,,PROCEDIMENTOS GERAIS,PROCEDIMENTOS GERAIS
ESTABELECIMENTO HOSPITALAR DE ORIGEM PARA OUTRO ESTABELECIMENTO DE SAÚDE,,,,ACOMPANHAMENTO DE PACIENTES,,
ACOMPANHAMENTO CLÍNICO DE TRANSPLANTE HEPÁTICO NO PERÍODO DE INTERNAÇÃO DO RECEPTOR E,,,,,,,,PROCEDIMENTOS CLÍNICOS AMBULATORIAIS,PROCEDIMENTOS CLÍNICOS AMBULATORIAIS
"",546/2022,03/10/2022,HCO,HSO,REF,PAC,AVALIAÇÕES/ACOMPANHAMENTOS,,
DO DOADOR,,,,,,,,E HOSPITALARES,E HOSPITALARES
ACOMPANHAMENTO CLÍNICO DE TRANSPLANTE RENAL NO PERÍODO DE INTERNAÇÃO DO RECEPTOR E DO,,,,,,PROCEDIMENTOS CLÍNICOS AMBULATORIAIS,PROCEDIMENTOS CLÍNICOS AMBULATORIAIS
"",HCO,HSO,REF,PAC,AVALIAÇÕES/ACOMPANHAMENTOS,,
DOADOR,,,,,,E HOSPITALARES,E HOSPITALARES
